id,(Intercept),SoilProfileL,SpeciesPS,SpeciesSOBI,AmendmentControl,AmendmentTBA,TimePeriodB,TimePeriodC,TimePeriodD
d__Bacteria;p__Actinobacteriota,7.550795578539074,-0.1680807356224223,0.010240191497327715,0.08516015444681702,-0.0117141862212818,-0.04941189013990301,-0.04917909107064976,-0.02115463133896006,-0.03153008940365343
d__Bacteria;p__Chloroflexi,6.098599585844308,-0.14098595539450481,-0.007424301723915078,-0.023994199692960336,0.024741900517568943,-0.0045649760015245705,-0.048886508230018555,0.1052418908626751,0.17567323779588317
d__Bacteria;p__Proteobacteria,7.547184489958421,-0.2496543160727956,-0.037664160005018724,0.029954087000895815,-0.022398074103075052,-0.07353651458959289,-0.09616590090953342,0.03989645853357798,-0.053153633403179024
d__Bacteria;p__Entotheonellaeota,4.1003255666034955,-0.43878421636879417,-0.04536420675117362,-0.13573771640487903,-0.0031716878052161362,-0.003084670176429008,0.1874437759895015,0.10131441345687864,0.46290754087555874
d__Bacteria;p__Myxococcota,5.600771546939638,-0.1524795969002729,-0.020262887619700843,-0.013840914636850776,-0.03214148596748785,-0.05933811307865408,0.0620105970524777,0.10525832181589384,0.23089940857146107
d__Bacteria;p__Verrucomicrobiota,4.747060655332275,0.09418255744499746,0.05620032623661259,-0.024737733887661165,0.0396097641879356,0.05369364301493007,-0.09298789637110515,0.20636310580745304,0.2689405122442543
d__Bacteria;p__Deinococcota,-0.8567476339036233,-0.6161344951976562,-0.08995292109041612,0.17253954563806534,-0.20113561789947138,-0.06002251498441401,0.17025449909883403,-0.025082897086128736,-0.7747782354908952
d__Bacteria;p__Latescibacterota,3.489791512193891,1.0572050839590692,0.23872485904355073,-0.00198327187261757,0.16637781100262414,0.3047021705640326,0.03572303341663387,-0.6391785945148609,-0.14096680415751806
d__Bacteria;p__Patescibacteria,2.7111903306075344,-0.09775111354797006,0.1830144651468146,0.31441331594978594,-0.14009430156462188,-0.12389875182544911,-0.48983164805657664,-0.02572186562761386,0.15432293871100833
d__Bacteria;p__Gemmatimonadota,5.478831756628051,0.06883465710146211,-0.010958036440256487,0.0013910600511666121,0.02177718079130686,0.03538874007238482,0.01781750467210904,-0.03891383579006055,0.08417973028169246
d__Bacteria;p__Methylomirabilota,5.004598346245008,0.8413019366048317,0.11676404385627256,-0.036831710827297956,0.07768897883170223,0.17966454413045027,-0.11552230738096536,-0.5880250212264276,-0.3425606543382559
d__Bacteria;p__Acidobacteriota,7.020261163142497,-0.011903459866750649,0.025635382790230532,0.014165915884185615,0.003134589073168173,0.015389079700206199,0.0389693282435547,-0.1187788738544183,0.003934383458466639
d__Archaea;p__Thermoplasmatota,0.42534197872958,1.1729836312742723,-0.06375995285359454,-0.04404637888452721,0.165373335965971,0.2957071855212604,0.40481597977899586,0.4657493405097131,0.9422748359516391
d__Bacteria;p__WS2,-0.18421893070312112,-0.9210969037750742,-0.24567509035235546,-0.007635365277230077,-0.23643830709562363,-0.2391509208196964,-0.10208422003963886,0.36780171538433776,-0.9810583651825133
d__Bacteria;p__Bacteroidota,4.368597966814031,-0.7374042366598975,-0.08055845183895453,0.18789730129566895,-0.14358571883472063,-0.15091156892968982,0.02446412362876504,0.7257911867575624,0.4358979265510903
d__Bacteria;p__Sumerlaeota,0.14487502753304726,-0.7894588368647332,-0.15870818643636744,0.00998280132344534,-0.20668367005243915,-0.3350358385921419,0.05772402645393379,0.16521336194356584,0.06321075996020165
d__Bacteria;p__Planctomycetota,5.608895094977413,-0.20096144348601475,0.008487694268499149,-0.007388392110581898,0.022821530991724265,-0.05796859376933303,0.030883140134253518,0.042687083418302296,0.163457841223958
d__Bacteria;p__Firmicutes,5.808754710873219,-0.12370946279214785,-0.06349239274488172,-0.18513804728964006,-0.03649287589157728,-0.14136738424019266,-0.11215346053285759,-0.08132501139360587,-0.06520743809513774
d__Bacteria;p__Elusimicrobiota,0.09767645497822008,0.3770452948887517,0.1787511243117647,0.015928393596533294,-0.0826609568900699,0.006019583244367396,-0.016622652106671947,-0.005930207934671611,0.5590849451444337
d__Bacteria;p__Cyanobacteria,2.648109651316269,-1.3450923351261355,-0.4780467987125282,0.07131577121982102,-0.007855594100877064,-0.1578740616273449,0.05564238753769743,0.9826972904742759,1.0201280328012217
d__Bacteria;p__Bdellovibrionota,1.1326378768187662,-0.6327549844179328,-0.07584812527709724,0.244296607297245,0.05402281035070258,0.08738782371807668,0.2746615404713986,0.5598261404484222,0.8882103135500399
d__Bacteria;p__Armatimonadota,3.0499981966441503,-0.6502988040882289,0.05046463909911001,0.088177484166078,0.07959002300669085,0.03019380381922135,0.10749668471648519,-0.09460881065986915,-0.06993711363650923
d__Bacteria;p__Desulfobacterota,2.8846096752094175,1.0347135051019531,0.16608832042833455,-0.14125708208041649,0.027725064701871582,0.11281452242088855,-0.1849910660841073,-0.6950826706446026,-0.2539378414133686
d__Bacteria;p__NB1-j,3.490216043154601,1.1612180412339712,0.13984573194799313,-0.1754719501731143,-0.1558763070513132,0.01377763386876843,-0.21158451116568028,-0.8071751995665515,-0.3211772837517287
d__Bacteria;p__WPS-2,-0.2830818159055566,-0.6484520294673781,-0.027764319994129504,0.583518871054741,-0.13742062763899107,-0.07067322632250543,0.1540699445354018,0.006749143367390964,0.07286158119093211
d__Bacteria;p__SAR324_clade(Marine_group_B),-0.14440437303762765,0.6448999823798628,0.13141291071583694,-0.03250993225813338,-0.09044928668024045,-0.04615813950247778,-0.6522295597400231,-0.7584315189604836,-0.5482826093115865
d__Bacteria;p__Nitrospirota,4.06064342839759,0.47873209016048734,-0.058411347180434815,0.0013131175575885612,0.04467166765777217,0.08125787492220846,0.05540421724226882,-0.1703834924844296,0.1715071143723914
d__Bacteria;p__Dependentiae,-0.07011767794782875,0.7360963349077866,0.2077094169220808,0.057781804004346515,0.22651100677898497,0.10263544130161528,-0.2735881976450226,-0.6369846593777051,0.2440691563153794
d__Bacteria;p__Fibrobacterota,0.30906444545024137,-0.43719416009445433,-0.18751614879157244,0.01155798268865979,-0.26169150834120525,-0.17848624533613752,-0.15979830053848382,0.698403266371699,0.17083428382774568
d__Bacteria;p__GAL15,1.9338137737657888,1.8415375574230057,0.13631208075055312,0.04416609476370808,0.23057453047269058,0.3542699681229944,0.031749899502805864,-1.0592006615278948,-0.3913286356962271
d__Archaea;p__Crenarchaeota,1.7791969132420788,-0.2325007066000722,-0.1377659496401452,-0.17921864145387234,0.10145174111942237,-0.0013670791610547461,-0.007613758261579513,0.6961449820393206,0.44286123700179836
d__Archaea;p__Nanoarchaeota,-0.7348014773271194,-0.06013195403695418,-0.18586440242265947,-0.05685908746740374,0.1420904808652569,-0.09620152507396416,0.08504125319000966,0.014060750433434882,0.35102118061048926
d__Bacteria;p__Abditibacteriota,-0.8505929102029098,-0.47516256165013415,-0.1353330158654122,0.12081199806195722,-0.22047928098430952,-0.18105663010106052,0.08632980910470724,0.08551503151259499,-0.680046214515528
d__Bacteria;p__Dadabacteria,-1.024164108340288,1.6944956932503406,0.32375227666533396,0.07894341631359696,0.2954644395740411,0.39156169985616274,0.16190186527851796,-0.49991603691998465,0.1447214025344994
d__Bacteria;p__MBNT15,1.022465299333111,1.3528820999529894,0.15829859957405357,-0.09241885177661717,0.15462217665642483,0.2886010695513094,-0.011703654544226866,-0.9889696475523508,-0.04683741041545453
d__Bacteria;__,2.070594245585533,-1.3061151463760492,-0.25970538020815337,-0.0887425191377872,0.24703318240418012,-0.02922779347109508,0.050805965772602754,0.2948464518439063,0.30406890527877195
d__Bacteria;p__Zixibacteria,-0.986198986374731,2.347882074768822,-0.048292951643880026,-0.18458369876453956,0.24687826769824564,-0.012010647241227329,0.32409232460447496,-0.00812631602549288,0.03263080257583906
d__Bacteria;p__RCP2-54,-0.9886058644250428,0.6824197702214595,0.006700785474667183,0.161288316102566,-0.27920472866436474,-0.07195013592731914,0.5998608026214863,0.1333160432211486,1.4544519744496698
d__Bacteria;p__FCPU426,-0.9281495129404695,0.03771790043969511,0.04142115255437675,-0.02448805753898385,-0.023658632284939196,-0.13616804395067594,-0.2031340467763796,-0.3418374926046905,-1.1009981228998187
d__Archaea;p__Micrarchaeota,-0.834396173292148,0.23537018626915499,-0.34874716272929607,-0.3566335140598805,-0.020994153534336008,-0.1135223178722474,0.09267639931900067,0.04624775127493419,-0.40458503752045316
